#ID;Title;FilePath;Key;
7f990eb6-da52-4608-9eb1-d1528d3c6d61;corolla2;/UserImages/7f990eb6-da52-4608-9eb1-d1528d3c6d61.png;21374873-ef4a-41fb-8e34-9752fa6a9c63
3aa8da56-6151-4cf1-b80d-0a9679b470c1;corolla;/UserImages/3aa8da56-6151-4cf1-b80d-0a9679b470c1.png;21374873-ef4a-41fb-8e34-9752fa6a9c63
44684ded-feda-44bd-bc4b-5247fd11ab74;h22;/UserImages/44684ded-feda-44bd-bc4b-5247fd11ab74.png;c11a0668-bcc3-4c45-afa3-a1018be4969e
6d3e5684-9a27-4ebf-915d-48563806bbad;amggt2;/UserImages/6d3e5684-9a27-4ebf-915d-48563806bbad.png;115c225f-911d-4444-97c4-b5b1442699c5
58dc6924-8757-4fb5-a4de-01520474c881;RÃ¼ckansicht;/UserImages/audi2.jpg;20107850-1646-4d8b-a916-ede0ca19a168
2093b560-fcff-4533-8569-eabf8c48ee0a;db9;/UserImages/2093b560-fcff-4533-8569-eabf8c48ee0a.png;d82cc1c5-d788-4fa4-914a-ec820929b588
81155cde-01b9-4674-86a5-0775feb1240c;sorento2;/UserImages/81155cde-01b9-4674-86a5-0775feb1240c.png;0065f8ce-d6e5-473e-8e4e-617a96612d51
030b84ca-399f-4607-aee5-1b70c8cf7056;astro2;/UserImages/030b84ca-399f-4607-aee5-1b70c8cf7056.png;86e81990-7d4b-4034-ae0f-d4d4628b9d9b
b29c3d40-ea10-49f3-90f3-a013f1a03bc9;sorento;/UserImages/b29c3d40-ea10-49f3-90f3-a013f1a03bc9.png;0065f8ce-d6e5-473e-8e4e-617a96612d51
c954ecec-240e-4c8a-92ed-93249558b5aa;amggt;/UserImages/c954ecec-240e-4c8a-92ed-93249558b5aa.png;115c225f-911d-4444-97c4-b5b1442699c5
bb83c7ac-9bea-4ce3-b55f-089c96cc22dc;db92;/UserImages/bb83c7ac-9bea-4ce3-b55f-089c96cc22dc.png;d82cc1c5-d788-4fa4-914a-ec820929b588
f4b98b50-72c3-4242-9266-a09009c506b9;Frontansicht;/UserImages/audi.jpg;20107850-1646-4d8b-a916-ede0ca19a168
ddc8f017-a81d-43c3-a0fd-ea2dc886139e;570gt2;/UserImages/ddc8f017-a81d-43c3-a0fd-ea2dc886139e.png;561cc1ef-f213-43cd-a580-081d6041063d
eb14484c-cdb2-4e48-8982-cb0831990ed3;grandcherokee;/UserImages/eb14484c-cdb2-4e48-8982-cb0831990ed3.png;94e17a33-ebe5-49eb-86d8-1b96ca0d138d
61bd9662-4c4c-4987-b470-c6df14920a99;astro;/UserImages/61bd9662-4c4c-4987-b470-c6df14920a99.png;86e81990-7d4b-4034-ae0f-d4d4628b9d9b
efe2facc-a323-4238-aa41-f2fffdf05e39;Frontansicht2;/UserImages/audi2.jpg;f61e9263-720c-49cd-a802-fe12566db00f
58666e90-5dfd-4b81-9f35-e310d2accce0;h2;/UserImages/58666e90-5dfd-4b81-9f35-e310d2accce0.png;c11a0668-bcc3-4c45-afa3-a1018be4969e
1a765ba0-244f-4239-b991-fe45f9dbd211;v502;/UserImages/1a765ba0-244f-4239-b991-fe45f9dbd211.png;534ece6e-1926-47af-bf00-c783818733c4
a5eeede0-17ac-44b0-a7bf-0616ed0de92a;v50;/UserImages/a5eeede0-17ac-44b0-a7bf-0616ed0de92a.png;534ece6e-1926-47af-bf00-c783818733c4
13e4a4bb-2379-4443-a70d-dcf402dfee0c;570gt;/UserImages/13e4a4bb-2379-4443-a70d-dcf402dfee0c.png;561cc1ef-f213-43cd-a580-081d6041063d
5a8cd9db-fc37-4893-8334-bc5d3f1d4a5a;grandcherokee2;/UserImages/5a8cd9db-fc37-4893-8334-bc5d3f1d4a5a.png;94e17a33-ebe5-49eb-86d8-1b96ca0d138d


